FA_SLMAS,slcode,varchar,7,0
FA_SLMAS,slname,varchar,250,1
FA_SLMAS,abbr,varchar,15,1
FA_SLMAS,add1,varchar,250,1
FA_SLMAS,add2,varchar,250,1
FA_SLMAS,add3,varchar,250,1
FA_SLMAS,city,varchar,70,1
FA_SLMAS,pin,varchar,12,1
FA_SLMAS,state,varchar,25,1
FA_SLMAS,country,varchar,30,1
FA_SLMAS,phone1,varchar,40,1
FA_SLMAS,phone2,varchar,30,1
FA_SLMAS,email,varchar,200,1
FA_SLMAS,telegram,varchar,30,1
FA_SLMAS,webaddr,varchar,40,1
FA_SLMAS,fax,varchar,40,1
FA_SLMAS,crlimit,decimal,9,1
FA_SLMAS,bankadd1,varchar,30,1
FA_SLMAS,bankadd2,varchar,30,1
FA_SLMAS,carcode,varchar,4,1
FA_SLMAS,areacode,varchar,4,1
FA_SLMAS,pay_terms,varchar,250,1
FA_SLMAS,crddays,decimal,5,1
FA_SLMAS,tngst,varchar,80,1
FA_SLMAS,tngstdt,datetime,8,1
FA_SLMAS,cgstdt,datetime,8,1
FA_SLMAS,cgst,varchar,80,1
FA_SLMAS,ecc,varchar,20,1
FA_SLMAS,pan,varchar,20,1
FA_SLMAS,trn_debt,char,1,1
FA_SLMAS,contper,varchar,30,1
FA_SLMAS,contdesg,varchar,30,1
FA_SLMAS,contphone,varchar,30,1
FA_SLMAS,prtytyp,varchar,2,1
FA_SLMAS,BRCODE,varchar,8,1
FA_SLMAS,tax_code,varchar,3,1
FA_SLMAS,insper,decimal,5,1
FA_SLMAS,DISC_PER,decimal,5,1
FA_SLMAS,CDISC_PER,decimal,5,1
FA_SLMAS,passwd,varchar,10,1
FA_SLMAS,stcode,numeric,5,1
FA_SLMAS,PAYMODE,tinyint,1,1
FA_SLMAS,PARTY_TYPE,varchar,2,1
FA_SLMAS,RANGE,varchar,50,1
FA_SLMAS,DIVISION,varchar,50,1
FA_SLMAS,AGENT_CODE,varchar,8,1
FA_SLMAS,CARRIER_CODE,varchar,4,1
FA_SLMAS,RC_NO,varchar,15,1
FA_SLMAS,COLLECTORATE,varchar,25,1
FA_SLMAS,AC_SL,varchar,6,1
FA_SLMAS,INSPECT,char,1,1
FA_SLMAS,APPROVE,char,1,1
FA_SLMAS,GROUPCODE,varchar,2,1
FA_SLMAS,state_code,varchar,3,1
FA_SLMAS,TINNO,varchar,20,1
FA_SLMAS,TINDT,datetime,8,1
FA_SLMAS,self,char,1,1
FA_SLMAS,COMM_TYPE,char,1,1
FA_SLMAS,COMM_PER,numeric,5,1
FA_SLMAS,contper2,varchar,30,1
FA_SLMAS,contdesg2,varchar,30,1
FA_SLMAS,contphone2,varchar,30,1
FA_SLMAS,contper3,varchar,30,1
FA_SLMAS,contdesg3,varchar,30,1
FA_SLMAS,contphone3,varchar,30,1
FA_SLMAS,contper4,varchar,30,1
FA_SLMAS,contdesg4,varchar,30,1
FA_SLMAS,contphone4,varchar,30,1
FA_SLMAS,contper5,varchar,30,1
FA_SLMAS,contdesg5,varchar,30,1
FA_SLMAS,contphone5,varchar,30,1
FA_SLMAS,DEFAULT_ADD,varchar,1,1
FA_SLMAS,ODPER,decimal,5,1
FA_SLMAS,org_type,varchar,3,1
FA_SLMAS,OFF_ADD1,varchar,70,1
FA_SLMAS,OFF_ADD2,varchar,70,1
FA_SLMAS,OFF_ADD3,varchar,70,1
FA_SLMAS,OFF_CITY,varchar,70,1
FA_SLMAS,OFF_PIN,varchar,12,1
FA_SLMAS,OFF_STATE,varchar,25,1
FA_SLMAS,OFF_COUNTRY,varchar,30,1
FA_SLMAS,OFF_PHONE1,varchar,40,1
FA_SLMAS,OFF_PHONE2,varchar,30,1
FA_SLMAS,OFF_EMAIL,varchar,50,1
FA_SLMAS,OFF_TELEGRAM,varchar,30,1
FA_SLMAS,OFF_WEBSIDE,varchar,40,1
FA_SLMAS,OFF_FAX,varchar,40,1
FA_SLMAS,OFF_CONTPER,varchar,30,1
FA_SLMAS,OFF_CONTDESG,varchar,30,1
FA_SLMAS,OFF_CONTPHONE,varchar,30,1
FA_SLMAS,OFF_SSINO,varchar,30,1
FA_SLMAS,OFF_MICRONO,varchar,30,1
FA_SLMAS,OFF_WEBSITE,varchar,40,1
FA_SLMAS,active,char,1,1
FA_SLMAS,grp,varchar,3,1
FA_SLMAS,CHQSLNAME,varchar,100,1
FA_SLMAS,bankacno,varchar,50,1
FA_SLMAS,ifsccode,varchar,50,1
FA_SLMAS,GROUPMAPTYPE,varchar,10,1
FA_SLMAS,OldSlcode,varchar,7,1
FA_SLMAS,ptype,varchar,2,1
FA_SLMAS,ActInt_SLCODE,varchar,10,1
FA_SLMAS,gstinno,varchar,15,1
FA_SLMAS,gststatecode,varchar,2,1
FA_SLMAS,supptype,varchar,1,1
FA_SLMAS,activesupplier,varchar,15,1
FA_SLMAS,CourierThrough,nvarchar,200,1
FA_SLMAS,email2,varchar,50,1
FA_SLMAS,ACTYPE,varchar,50,1
FA_SLMAS,ISACTIVE,char,1,1
FA_SLMAS,CRLimitflg,varchar,2,1
FA_SLMAS,CRDDAYS2,decimal,5,1
FA_SLMAS,mod_date,datetime,8,1
FA_SLMAS,mod_user,varchar,15,1
FA_SLMAS,mod_username,varchar,15,1
FA_SLMAS,ipaddr,varchar,20,1
FA_SLMAS,hostname,varchar,25,1
FA_SLMAS,mod_form,varchar,25,1
FA_SLMAS,USERID,varchar,15,1
FA_SLMAS,CustGrp,varchar,8,1
FA_SLMAS,scancpyflg,varchar,50,1
FA_SLMAS,scancopypath,varchar,50,1
FA_SLMAS,scanfilename,varchar,50,1
FA_SLMAS,zonecode,varchar,25,1
FA_SLMAS,CR_DaysLock,tinyint,1,1
FA_SLMAS,TypeofEnterprise,varchar,2,1
FA_SLMAS,MSME_GroupType,varchar,2,1
FA_SLMAS,MSME_Group,varchar,2,1
FA_SLMAS,UAM,varchar,13,1
FA_SLMAS,GSTORPAN_File,varchar,40,1
FA_SLMAS,MSME_CERTIFICATE_File,varchar,40,1
FA_SLMAS,branch_name,varchar,25,1
FA_SLMAS,PolicyNo,varchar,30,1
FA_SLMAS,PeriodFDt,datetime,8,1
FA_SLMAS,PeriodTDt,datetime,8,1
FA_SLMAS,TDS_TCS_Flg,char,1,1
FA_SLMAS,TDS_TCS_Cal_Flg,char,1,1
FA_SLMAS,Cheque_Favour,varchar,55,1
FA_SLMAS,Internal_EMailID,varchar,20,1
FA_SLMAS,TANNO,varchar,10,1
FA_SLMAS,Short_Name,varchar,16,1
FA_SLMAS,MailSend,char,2,1
FA_SLMAS,SupFileName,varchar,100,1
FA_SLMAS,CRLIMIT1,numeric,5,1
FA_SLMAS,actflg,int,4,1
FA_SLMAS,isautomailflg,char,1,1
FA_SLMAS,CSM_Slcode,varchar,10,1
FA_SLMAS,CSM_SlName,varchar,150,1
FA_SLMAS,IsIntUnitTrans,tinyint,1,1
FA_SLMAS,IntUnitGL,varchar,6,1
FA_SLMAS,approvedsupplier,varchar,5,1
PO_PARA,STSUPL,varchar,2,1
PO_PARA,POFORMNO,varchar,10,1
PO_PARA,AppUserLevel2,numeric,5,1
PO_PARA,AppUserLevel3,numeric,5,1
PO_PARA,AppUserLabel1,varchar,35,1
PO_PARA,AppUserLabel2,varchar,35,1
PO_PARA,AppUserLabel3,varchar,35,1
PO_PARA,Adv_PayType,varchar,1,1
PO_PARA,divcode,varchar,2,1
PO_PARA,APPUSERLEVEL1,numeric,5,1
PO_PARA,RoundOff,numeric,5,1
PO_PARA,BudGrp,char,1,1
PO_PARA,CurrCode,varchar,3,1
PO_PARA,ManIndNo,char,1,1
PO_PARA,Po_Confirm,char,1,1
PO_PARA,Manual_IndNo,char,1,1
PO_PARA,PoAppUserLevel1,numeric,5,1
PO_PARA,PoAppUserLevel2,numeric,5,1
PO_PARA,PoAppUserLabel1,varchar,35,1
PO_PARA,PoAppUserLabel2,varchar,35,1
PO_PARA,PoAppAmount,numeric,5,1
PO_PARA,Delivery,numeric,5,1
PO_PARA,Quality,numeric,5,1
PO_PARA,penalty,numeric,5,1
PO_PARA,Pr_ILevel,char,1,1
PO_PARA,Pr_FLevel,char,1,1
PO_PARA,AmdafterGRN,char,1,1
PO_PARA,BudgetQty,char,1,1
PO_PARA,Supp_Item_Tax_Link,char,1,1
PO_PARA,EO_USERID,varchar,5,1
PO_PARA,AO_USERID,varchar,5,1
PO_PARA,PoRatePer,numeric,5,1
PO_PARA,PoQtyPer,numeric,5,1
PO_PARA,Rodepcode,varchar,3,1
PO_PARA,InditemGrp,char,1,1
PO_PARA,BudgetControl,char,1,1
PO_PARA,AutoMailCC,varchar,50,1
PO_PARA,AutoMailflg,char,1,1
PO_PARA,GRNAutoSMSflg,char,1,1
PO_PARA,EmpMasterComm,char,1,1
PO_PARA,PRSMSSendFlg,char,1,1
PO_PARA,PRSMSStatusFlg,char,1,1
PO_PARA,POSMSSendFlg,char,1,1
PO_PARA,POSMSStatusFlg,char,1,1
PO_PARA,PRSMSCatCode,numeric,5,1
PO_PARA,POSMSCatCode,numeric,5,1
PO_PARA,PoFirstLevelApp,char,1,1
PO_PARA,Pomannual,varchar,1,1
PO_PARA,PoFinalLevelApp,char,1,1
PO_PARA,PORATEVALIDATION,char,1,1
PO_PARA,pofinalApplimit,decimal,9,1
PO_PARA,pofinalAppflg,char,1,1
PO_PARA,purtypeflg,int,4,1
PO_PARA,pendingorderpara,varchar,5,1
PO_PARA,finalapprovalpending,varchar,5,1
PO_PARA,webreportlink,varchar,15,1
PO_PARA,penpodetails,varchar,5,1
PO_PARA,autologoff,varchar,50,1
PO_PARA,IdealMinutes,int,4,1
PO_PARA,IdealTimerFlg,int,4,1
PO_PARA,IdleMinutes,int,4,1
PO_PARA,IdleTimerFlg,int,4,1
PO_PARA,PDFExportFlag,char,2,1
PO_PARA,CAdepcode,varchar,10,1
PO_PARA,poprintapp,char,1,1
PO_PARA,Pendrfq,char,1,1
PO_PARA,Servicepoprintapp,char,1,1
PO_PARA,PRapprovalstatus,varchar,2,1
PO_PARA,POapprovalstatus,varchar,2,1
PO_PARA,SPOapprovalstatus,varchar,2,1
PO_PARA,poprintpwd,varchar,25,1
PR_EMP,divcode,varchar,2,0
PR_EMP,empno,decimal,5,0
PR_EMP,wcat,varchar,2,0
PR_EMP,depcode,varchar,3,1
PR_EMP,ename,varchar,30,0
PR_EMP,fhname,varchar,30,0
PR_EMP,ticketno,varchar,10,1
PR_EMP,dob,datetime,8,0
PR_EMP,doj,datetime,8,0
PR_EMP,dor,datetime,8,1
PR_EMP,sex,char,1,0
PR_EMP,shift,char,2,1
PR_EMP,pfflg,char,1,0
PR_EMP,pfno,varchar,50,1
PR_EMP,pfrate,decimal,5,1
PR_EMP,erpfrate,decimal,5,1
PR_EMP,esiflg,char,1,0
PR_EMP,esino,varchar,15,1
PR_EMP,esiloc,varchar,30,1
PR_EMP,bonelig,char,1,1
PR_EMP,bankaccno,varchar,20,1
PR_EMP,weekoff,decimal,5,1
PR_EMP,fpfno,decimal,5,1
PR_EMP,unionflg,char,1,1
PR_EMP,desigcode,varchar,3,1
PR_EMP,paymode,decimal,5,0
PR_EMP,loc_os,char,1,0
PR_EMP,citycode,decimal,5,1
PR_EMP,grpcode,varchar,2,1
PR_EMP,DAELIG,char,1,1
PR_EMP,PRV_DAYS,decimal,5,1
PR_EMP,UNIONCODE,varchar,3,1
PR_EMP,NFHELIG,char,1,1
PR_EMP,RATEFLG,char,1,1
PR_EMP,SHIFT_0,bit,1,1
PR_EMP,SHIFT_1,bit,1,1
PR_EMP,SHIFT_2,bit,1,1
PR_EMP,SHIFT_3,bit,1,1
PR_EMP,BLOOD_GROUP,varchar,4,1
PR_EMP,EMP_IMAGE,image,16,1
PR_EMP,ADD1,varchar,30,1
PR_EMP,ADD2,varchar,30,1
PR_EMP,ADD3,varchar,30,1
PR_EMP,VCODE,varchar,3,1
PR_EMP,PHONE,varchar,20,1
PR_EMP,QUALI,varchar,20,1
PR_EMP,ELEFT,varchar,1,1
PR_EMP,EMPRCODE,varchar,10,1
PR_EMP,CCODE,varchar,3,1
PR_EMP,RFLEFT,varchar,50,1
PR_EMP,PFDATE,datetime,8,1
PR_EMP,WKCAT,varchar,2,1
PR_EMP,sta_shift,char,2,1
PR_EMP,nodays,numeric,5,1
PR_EMP,schemedate,datetime,8,1
PR_EMP,INCENFLG,char,1,1
PR_EMP,empimage,image,16,1
PR_EMP,BrName,varchar,30,1
PR_EMP,imagepath,varchar,90,1
PR_EMP,schcode,varchar,10,1
PR_EMP,AGEFLG,varchar,1,1
PR_EMP,DOCFLG,varchar,1,1
PR_EMP,phone1,varchar,20,1
PR_EMP,CITY,varchar,30,1
PR_EMP,PINCODE,numeric,9,1
PR_EMP,schamt,numeric,5,1
PR_EMP,hostelflag,varchar,1,1
PR_EMP,tc,char,1,1
PR_EMP,Rcard,char,1,1
PR_EMP,shiftchangeday,decimal,9,1
PR_EMP,ProdBasedSalary,char,1,1
PR_EMP,Pensionflg,char,1,1
PR_EMP,Rejoin,int,4,1
PR_EMP,HOSTEL_ELIG,char,1,1
PR_EMP,MonthlyshiftChange,char,1,1
PR_EMP,Shift_Batch,char,1,1
PR_EMP,PFEffDate,datetime,8,1
PR_EMP,ESIEffDate,datetime,8,1
PR_EMP,HOBBIES,varchar,50,1
PR_EMP,rejoindt,datetime,8,1
PR_EMP,pan,varchar,15,1
PR_EMP,refempno,varchar,12,1
PR_EMP,refother,varchar,10,1
PR_EMP,tadd1,varchar,30,1
PR_EMP,tadd2,varchar,30,1
PR_EMP,tadd3,varchar,30,1
PR_EMP,tvcode,varchar,3,1
PR_EMP,tpincode,numeric,9,1
PR_EMP,contpername,varchar,30,1
PR_EMP,contperph,varchar,20,1
PR_EMP,tcity,varchar,30,1
PR_EMP,active,varchar,3,1
PR_EMP,ownvehicle,varchar,3,1
PR_EMP,visibleid1,varchar,20,1
PR_EMP,visibleid2,varchar,20,1
PR_EMP,RelCd,varchar,2,1
PR_EMP,ComCd,varchar,2,1
PR_EMP,PostApplied,varchar,30,1
PR_EMP,MarUnMar,char,1,1
PR_EMP,DateofMar,datetime,8,1
PR_EMP,OwnRentHouse,char,1,1
PR_EMP,MonthlyRent,decimal,9,1
PR_EMP,MonthlyIncome,decimal,9,1
PR_EMP,VehicleNo,varchar,15,1
PR_EMP,Licence,char,1,1
PR_EMP,Height,decimal,5,1
PR_EMP,Weight,decimal,5,1
PR_EMP,qualicode,varchar,4,1
PR_EMP,esicode,varchar,5,1
PR_EMP,BankCode,nvarchar,100,1
PR_EMP,Grade,varchar,2,1
PR_EMP,UnitCode,varchar,10,1
PR_EMP,adhaarno,varchar,12,1
PR_EMP,uanno,varchar,20,1
PR_EMP,SeronSimilarWork,numeric,5,1
PR_EMP,InsuranceFlg,char,1,1
PR_EMP,Instperiod,varchar,6,1
PR_EMP,Insfperiod,varchar,6,1
PR_EMP,Cityname,varchar,1,1
PR_EMP,cs_weekoff,int,4,1
PR_EMP,vpf_flg,char,1,1
PR_EMP,StoreSubsidyFlg,char,1,1
PR_EMP,Jobcode,varchar,10,1
PR_EMP,Mac_ticketn,varchar,12,1
PR_EMP,Aadharno,varchar,15,1
PR_EMP,area_cod,varchar,4,1
PR_EMP,tarea_code,varchar,4,1
PR_EMP,slcode,varchar,7,1
PR_EMP,acholdtkno,varchar,12,1
PR_EMP,cardno,varchar,20,1
PR_EMP,cdoj,datetime,8,1
PR_EMP,paymode1,int,4,1
PR_EMP,spousename,varchar,50,1
PR_EMP,AgeProofno,varchar,30,1
PR_EMP,AgeExpdate,datetime,8,1
PR_EMP,mothertongue,varchar,20,1
PR_EMP,releivingno,varchar,10,1
PR_EMP,mothername,varchar,30,1
PR_EMP,guardianname,varchar,30,1
PR_EMP,AgeProof_flg,char,1,1
PR_EMP,AP_CertNo,varchar,20,1
PR_EMP,AP_CertDT,datetime,8,1
PR_EMP,AP_CertTokenRef,char,1,1
PR_EMP,Permanent_Dt,datetime,8,1
PR_EMP,EContriEligible,char,1,1
PR_EMP,Service480days_flg,char,1,1
PR_EMP,Service480days_Dt,datetime,8,1
PR_EMP,cardrefno,varchar,20,1
PR_EMP,ShiftWhrs,numeric,5,1
PR_EMP,LeftCode,varchar,3,1
PR_EMP,LodgCODE,varchar,3,1
PR_EMP,pm_empno,varchar,12,1
PR_EMP,ACTINACTDate,datetime,8,1
PR_EMP,Permanent_flg,varchar,3,1
PR_EMP,Mac_ticketno,varchar,12,1
PR_EMP,area_code,varchar,4,1
PR_EMP,subdep,varchar,3,1
PR_EMP,OTflg,int,4,1
PR_EMP,cattype,char,1,1
PR_EMP,Paymenttype,char,1,1
PR_EMP,Reftype,char,1,1
PR_EMP,Ref1PersonName,varchar,50,1
PR_EMP,Ref1Designation,varchar,40,1
PR_EMP,Ref1Phoneno,varchar,15,1
PR_EMP,Ref2PersonName,varchar,50,1
PR_EMP,Ref2Designation,varchar,40,1
PR_EMP,Ref2Phoneno,varchar,15,1
PR_EMP,pfnomineename,varchar,30,1
PR_EMP,pfdob,datetime,8,1
PR_EMP,pfage,int,4,1
PR_EMP,pfrealtionship,varchar,30,1
PR_EMP,pfvillage_code,varchar,4,1
PR_EMP,pfarea_Code,varchar,15,1
PR_EMP,pfpincode,varchar,10,1
PR_EMP,pfPhone1,varchar,15,1
PR_EMP,pfPhone2,varchar,15,1
PR_EMP,pfstreet,varchar,50,1
PR_EMP,esinomineename,varchar,30,1
PR_EMP,esidob,datetime,8,1
PR_EMP,esiage,int,4,1
PR_EMP,esirealtionship,varchar,30,1
PR_EMP,esistreet,varchar,80,1
PR_EMP,esivillage_code,varchar,4,1
PR_EMP,esiarea_Code,varchar,30,1
PR_EMP,esipincode,varchar,10,1
PR_EMP,esiPhone1,varchar,15,1
PR_EMP,esiPhone2,varchar,15,1
PR_EMP,bank_Code,varchar,3,1
PR_EMP,ifsccode,varchar,20,1
PR_EMP,foodtype,varchar,10,1
PR_EMP,emailid,varchar,40,1
PR_EMP,ImageEmp,image,16,1
PR_EMP,InsPreMonth,datetime,8,1
PR_EMP,PLCLFLg,varchar,3,1
PR_EMP,modifiedby,varchar,7,1
PR_EMP,IPAddress,varchar,18,1
PR_EMP,ModifiedOn,datetime,8,1
PR_EMP,Imgname,varchar,50,1
PR_EMP,station,varchar,10,1
PR_EMP,cccode,varchar,5,1
PR_EMP,LongLV,int,4,1
PR_EMP,Addedon,datetime,8,1
PR_EMP,Addedby,varchar,5,1
PR_EMP,branch,varchar,20,1
PR_EMP,Locationcode,varchar,20,1
PR_EMP,canteended,varchar,20,1
PR_EMP,accoded,varchar,20,1
PR_EMP,ReplEmpno,numeric,9,1
PR_EMP,NewempFlg,int,4,1
PR_EMP,ReplRemarks,varchar,100,1
PR_EMP,EGrade,varchar,2,1
PR_EMP,HostalFlg,char,2,1
PR_EMP,acchname,varchar,30,1
PR_EMP,ABRYFlg,varchar,5,1
PR_EMP,CS_sta_shift,varchar,3,1
PR_EMP,LICflg,varchar,2,1
PR_EMP,LICAmt,numeric,9,1
PR_EMP,Smtbankcode,varchar,10,1
PR_EMP,ordsno,int,4,1
PR_EMP,weeklyoffCompen_flg,char,1,1
PR_EMP,WeekoffOTEligible,char,10,1
PR_EMP,nameaadhar,varchar,50,1
PR_EMP,namebank,varchar,50,1
PR_EMP,EmpProofFileName,varchar,40,1
PR_EMP,CNFHWork,char,1,1
RM_AREA,AREACODE,varchar,4,0
RM_AREA,AREANAME,varchar,30,0
RM_AREA,L_OR_U,char,1,0
RM_AREA,STATION,varchar,15,1
RM_AREA,STATE,varchar,15,1
RM_AREA,StateCode,varchar,3,1
RM_ARRIVAL,DIVCODE,varchar,2,0
RM_ARRIVAL,ARRNO,int,4,0
RM_ARRIVAL,ARRDATE,datetime,8,0
RM_ARRIVAL,CONTNO,varchar,10,0
RM_ARRIVAL,CONTDT,datetime,8,0
RM_ARRIVAL,SUPCD,varchar,10,1
RM_ARRIVAL,AREACODE,varchar,4,1
RM_ARRIVAL,BRKCD,varchar,10,1
RM_ARRIVAL,PLOTNO,varchar,20,1
RM_ARRIVAL,PLOTDT,datetime,8,1
RM_ARRIVAL,VARCODE,varchar,10,0
RM_ARRIVAL,CNTCODE,varchar,10,0
RM_ARRIVAL,PRNO,varchar,20,1
RM_ARRIVAL,PRMARK,varchar,15,1
RM_ARRIVAL,GCNO,varchar,40,1
RM_ARRIVAL,CARCODE,varchar,10,1
RM_ARRIVAL,LORRYNOS,varchar,50,1
RM_ARRIVAL,FREIGHT,decimal,5,1
RM_ARRIVAL,BBFLAG,char,1,0
RM_ARRIVAL,RATECY,decimal,5,1
RM_ARRIVAL,QUANTITY,numeric,5,0
RM_ARRIVAL,GROSSWT,decimal,9,0
RM_ARRIVAL,TAREWT,decimal,5,0
RM_ARRIVAL,NETWT,decimal,9,0
RM_ARRIVAL,ATLNO,varchar,20,1
RM_ARRIVAL,PASSED,char,1,1
RM_ARRIVAL,PASSDT,datetime,8,1
RM_ARRIVAL,CATCD,char,1,1
RM_ARRIVAL,LOTNO,smallint,2,1
RM_ARRIVAL,passbl,smallint,2,1
RM_ARRIVAL,lotdt,datetime,8,1
RM_ARRIVAL,lottype,char,1,1
RM_ARRIVAL,isgodown,char,1,1
RM_ARRIVAL,weignment,varchar,15,1
RM_ARRIVAL,GODOWN,varchar,2,1
RM_ARRIVAL,LOTRECQTY,decimal,5,1
RM_ARRIVAL,COLORCODE,varchar,20,1
RM_ARRIVAL,INSBALES,smallint,2,1
RM_ARRIVAL,INSREM,varchar,50,1
RM_ARRIVAL,ACCQTY,numeric,9,1
RM_ARRIVAL,ACCDT,datetime,8,1
RM_ARRIVAL,REJQTY,numeric,9,1
RM_ARRIVAL,REJDT,datetime,8,1
RM_ARRIVAL,ACCALLOWQTY,numeric,9,1
RM_ARRIVAL,ACCALLOWDT,datetime,8,1
RM_ARRIVAL,ACCALLOWRTPERKG,numeric,9,1
RM_ARRIVAL,ACCALLOWRTPERCANDY,numeric,9,1
RM_ARRIVAL,ARTICLENO,varchar,30,1
RM_ARRIVAL,UNIT,varchar,25,1
RM_ARRIVAL,REMARKS,varchar,25,1
RM_ARRIVAL,weightdate,datetime,8,1
RM_ARRIVAL,returnqty,numeric,9,1
RM_ARRIVAL,returndate,datetime,8,1
RM_ARRIVAL,lotstatus,varchar,10,1
RM_ARRIVAL,staplen25,varchar,20,1
RM_ARRIVAL,STAPLEN50,varchar,20,1
RM_ARRIVAL,TRASH_PER,varchar,20,1
RM_ARRIVAL,MICRONAIRE,varchar,20,1
RM_ARRIVAL,UNIRATIO,varchar,20,1
RM_ARRIVAL,STAPHANDTEST,varchar,20,1
RM_ARRIVAL,MOITURE,varchar,20,1
RM_ARRIVAL,YARNAPP,varchar,20,1
RM_ARRIVAL,AVGCOUNT,varchar,20,1
RM_ARRIVAL,csp,varchar,20,1
RM_ARRIVAL,tpi,varchar,20,1
RM_ARRIVAL,avrstrength,varchar,20,1
RM_ARRIVAL,corr_strenth,varchar,20,1
RM_ARRIVAL,GRADE,varchar,20,1
RM_ARRIVAL,GTEX,varchar,20,1
RM_ARRIVAL,COLOR,varchar,20,1
RM_ARRIVAL,yellowtouch,varchar,20,1
RM_ARRIVAL,immature,varchar,20,1
RM_ARRIVAL,mature,varchar,20,1
RM_ARRIVAL,halfmature,varchar,20,1
RM_ARRIVAL,MCOEFF,varchar,20,1
RM_ARRIVAL,moisture_et,numeric,9,1
RM_ARRIVAL,moisture_per,numeric,9,1
RM_ARRIVAL,awt_flg,char,1,1
RM_ARRIVAL,Dbno,numeric,5,1
RM_ARRIVAL,Dbdt,datetime,8,1
RM_ARRIVAL,Narr,varchar,100,1
RM_ARRIVAL,DbAmt,numeric,9,1
RM_ARRIVAL,GROUPCODE,varchar,6,1
RM_ARRIVAL,dlytype1,varchar,3,1
RM_ARRIVAL,PERMITNO,varchar,15,1
RM_ARRIVAL,WGRSWT,decimal,9,1
RM_ARRIVAL,WTAREWT,decimal,5,1
RM_ARRIVAL,WNETWT,decimal,9,1
RM_ARRIVAL,WLOADWT,decimal,9,1
RM_ARRIVAL,WEMPTYWT,decimal,9,1
RM_ARRIVAL,WBRIREFNO,varchar,10,1
RM_ARRIVAL,Quotno,numeric,9,1
RM_ARRIVAL,quotdt,datetime,8,1
RM_ARRIVAL,Arrivaltype,char,1,1
RM_ARRIVAL,alert_raised,varchar,1,1
RM_ARRIVAL,EssaeTor_Flg,char,1,1
RM_ARRIVAL,carrier_code,varchar,3,1
RM_ARRIVAL,loadchrgs,decimal,5,1
RM_ARRIVAL,LR_InDt,datetime,8,1
RM_ARRIVAL,LR_InTime,datetime,8,1
RM_ARRIVAL,LR_OutDt,datetime,8,1
RM_ARRIVAL,LR_OutTime,datetime,8,1
RM_ARRIVAL,LRNO,varchar,20,1
RM_ARRIVAL,inwardno,numeric,9,1
RM_ARRIVAL,inwarddate,datetime,8,1
RM_ARRIVAL,FullTruckWgt,numeric,9,1
RM_ARRIVAL,EmptyTruckWgt,numeric,9,1
RM_ARRIVAL,Trashper,numeric,5,1
RM_ARRIVAL,GINCODE,varchar,7,1
RM_ARRIVAL,Line_No,varchar,18,1
RM_ARRIVAL,PlCode,varchar,5,1
RM_ARRIVAL,CarJV_TC,numeric,5,1
RM_ARRIVAL,CarJV_VocNo,numeric,5,1
RM_ARRIVAL,Globaldiv,varchar,10,1
RM_ARRIVAL,ReceivedNo,varchar,40,1
RM_ARRIVAL,Gdivcode,varchar,2,1
RM_ARRIVAL,FAq,numeric,9,1
RM_ARRIVAL,sci,numeric,9,1
RM_ARRIVAL,bb,numeric,9,1
RM_ARRIVAL,rd,numeric,9,1
RM_ARRIVAL,Commr_Wt,numeric,9,1
RM_ARRIVAL,DPDocno,numeric,5,1
RM_ARRIVAL,DPDocDate,datetime,8,1
RM_ARRIVAL,OcNo,varchar,25,1
RM_ARRIVAL,Ocdate,datetime,8,1
RM_ARRIVAL,cpyno,numeric,5,1
RM_ARRIVAL,cpysno,numeric,5,1
RM_ARRIVAL,cpydate,datetime,8,1
RM_ARRIVAL,OcDocNo,varchar,25,1
RM_ARRIVAL,OcDocdate,datetime,8,1
RM_ARRIVAL,frtentrapp,varchar,1,1
RM_CONT,CONTNO,varchar,10,0
RM_CONT,CONTDT,datetime,8,0
RM_CONT,SUPCD,varchar,10,1
RM_CONT,BRKCD,varchar,10,1
RM_CONT,AREACODE,varchar,4,1
RM_CONT,VARCODE,varchar,10,0
RM_CONT,CNTCODE,varchar,5,1
RM_CONT,BBFLAG,char,1,0
RM_CONT,ORDQTY,decimal,9,1
RM_CONT,RECQTY,smallint,2,1
RM_CONT,CANDYRATE,decimal,9,1
RM_CONT,RATEKG,decimal,9,1
RM_CONT,PAYMODE,char,2,0
RM_CONT,DLYTYPE,char,1,0
RM_CONT,SALCNFNO,varchar,10,1
RM_CONT,DIVCODE,varchar,2,0
RM_CONT,CARCODE,varchar,10,1
RM_CONT,indentno,varchar,10,1
RM_CONT,im_ind,char,1,1
RM_CONT,duedate,datetime,8,1
RM_CONT,weignment,varchar,15,1
RM_CONT,GODOWN,varchar,3,1
RM_CONT,COLORCODE,varchar,4,1
RM_CONT,SNO,varchar,10,1
RM_CONT,COMMAMT,numeric,5,1
RM_CONT,LORRYFRT,numeric,5,1
RM_CONT,PAYTERMS,varchar,60,1
RM_CONT,CROPYEAR,varchar,20,1
RM_CONT,acceptance,varchar,30,1
RM_CONT,PTY_CONTNO,varchar,20,1
RM_CONT,PLOTNO,varchar,10,1
RM_CONT,Prno,varchar,10,1
RM_CONT,pressmarkno,varchar,15,1
RM_CONT,rateunit,varchar,20,1
RM_CONT,remarks,nvarchar,510,1
RM_CONT,deladd,varchar,10,1
RM_CONT,billadd,varchar,10,1
RM_CONT,contperson,varchar,50,1
RM_CONT,CancelBales,numeric,5,1
RM_CONT,CancelFlg,varchar,1,1
RM_CONT,CANCELDT,datetime,8,1
RM_CONT,alert_raised,varchar,1,1
RM_CONT,DESPATCH,varchar,25,1
RM_CONT,STAPLE,varchar,25,1
RM_CONT,SEASON,varchar,25,1
RM_CONT,MILLREFNO,varchar,20,1
RM_CONT,CASHDISPER,numeric,5,1
RM_CONT,TRADEDISPER,numeric,5,1
RM_CONT,BEDPER,numeric,5,1
RM_CONT,SEDPER,numeric,5,1
RM_CONT,HSCESSPER,numeric,5,1
RM_CONT,CESSPER,numeric,5,1
RM_CONT,TAX_CODE,varchar,3,1
RM_CONT,TAXPER,numeric,5,1
RM_CONT,OTHTAXPER,numeric,5,1
RM_CONT,INSPER,numeric,5,1
RM_CONT,arrivaltype,varchar,1,1
RM_CONT,ORDKGS,numeric,9,1
RM_CONT,RCDKGS,numeric,9,1
RM_CONT,TAX_CHOICE,varchar,10,1
RM_CONT,cancelkgs,numeric,9,1
RM_CONT,ORg_ordkgs,numeric,5,1
RM_CONT,Mod_dt,datetime,8,1
RM_CONT,Mod_UserId,varchar,5,1
RM_CONT,ORg_ordqty,numeric,5,1
RM_CONT,CREDITDAYS,numeric,5,1
RM_CONT,INTERESTPER,numeric,5,1
RM_CONT,SUPPLIERLOTNOFROM,numeric,9,1
RM_CONT,SUPPLIERLOTNOTO,numeric,9,1
RM_CONT,FinalWeighment,varchar,1,1
RM_CONT,prefix,varchar,2,1
RM_CONT,purtype,varchar,2,1
RM_CONT,NONRECIEVELOT,varchar,500,1
RM_CONT,SAMPLEFLG,varchar,1,0
RM_CONT,CommPer,numeric,5,1
RM_CONT,Terms1,varchar,50,1
RM_CONT,Terms1Days,numeric,5,1
RM_CONT,Terms2,varchar,50,1
RM_CONT,Terms2Days,numeric,5,1
RM_CONT,TransPort,varchar,50,1
RM_CONT,IPRNO,numeric,5,1
RM_CONT,PRDATE,datetime,8,1
RM_CONT,PRSNO,numeric,5,1
RM_CONT,fappflg,varchar,1,1
RM_CONT,CurrCode,varchar,3,1
RM_CONT,DeliveryTerms,varchar,200,1
RM_CONT,Appflg,char,1,1
RM_CONT,FIRST_APPFLG,char,1,1
RM_CONT,FIRST_APPUSERID,varchar,10,1
RM_CONT,FIRST_APPIP,varchar,25,1
RM_CONT,FIRST_APPDATE,datetime,8,1
RM_CONT,APPUSERID,varchar,10,1
RM_CONT,APPIP,varchar,15,1
RM_CONT,APPDATE,datetime,8,1
RM_CONT,SECOND_APPFLG,char,1,1
RM_CONT,SECOND_APPUSERID,varchar,10,1
RM_CONT,SECOND_APPIP,varchar,25,1
RM_CONT,SECOND_APPDATE,datetime,8,1
RM_CONT,HSN,varchar,8,1
RM_CONT,cgstper,numeric,5,1
RM_CONT,sgstper,numeric,5,1
RM_CONT,igstper,numeric,5,1
RM_CONT,prepDate,datetime,8,1
RM_CONT,FTAmt,numeric,5,1
RM_CONT,FTFlg,varchar,1,1
RM_CONT,Paycode,varchar,5,1
RM_CONT,Line_No,varchar,18,1
RM_CONT,PlCode,varchar,5,1
RM_CONT,OCNo,varchar,20,1
RM_CONT,OCDate,datetime,8,1
RM_CONT,SusCatType,varchar,3,1
RM_CONT,OCDocNo,numeric,5,1
RM_CONT,OCDocDate,datetime,8,1
RM_CONT,AmdReason,varchar,80,1
RM_CONT,Amdnos,numeric,5,1
RM_CONT,PRVRatekg,numeric,9,1
RM_CONT,PRVORDQty,numeric,9,1
RM_CONT,PRVORDkgs,numeric,9,1
RM_CONT,PRVCANDYRATE,numeric,9,1
RM_CONT,Fclosed,char,1,1
RM_CONT,FCloseddt,datetime,8,1
RM_CONT,FClosedQty,numeric,9,1
RM_CONT,MSDocno,varchar,10,1
RM_CONT,MSDocsno,varchar,10,1
RM_CONT,DRecqty,numeric,5,1
RM_CONT,DRCDKGS,numeric,9,1
RM_CONT,No_of_Load,numeric,5,1
RM_CONT,SupFileName,varchar,80,1
RM_CONT,Prepared_by,varchar,5,1
RM_CONT,TCS_PER,numeric,5,1
RM_CONT,IO_recQty,numeric,5,1
RM_CONT,IO_rcdkgs,numeric,5,1
RM_CONT,grade,varchar,15,1
RM_CONT,MIC,varchar,15,1
RM_CONT,trash,varchar,15,1
RM_CONT,freightperbale,varchar,15,1
RM_CONT,perbaletruckbale,varchar,5,1
RM_CONT,commperbale,numeric,9,1
RM_CONT,incidentcharge,numeric,9,1
RM_CONT,spotexpense,numeric,9,1
RM_CONT,TRASH_PER,decimal,5,1
RM_CONT,STRENGTH,varchar,20,1
RM_CONT,moisture,varchar,20,1
RM_CONT,rmpaycode,int,4,1
RM_CONT_SLOTNO,DIVCODE,varchar,2,1
RM_CONT_SLOTNO,CONTNO,varchar,10,1
RM_CONT_SLOTNO,CONTDT,datetime,8,1
RM_CONT_SLOTNO,SLOTNO,numeric,13,1
RM_CONT_SLOTNO,RECFLG,varchar,1,1
RM_ContDiscntRate,Divcode,varchar,2,1
RM_ContDiscntRate,ContNo,numeric,5,0
RM_ContDiscntRate,Contdt,datetime,8,0
RM_ContDiscntRate,Docno,numeric,5,0
RM_ContDiscntRate,Docdate,datetime,8,0
RM_ContDiscntRate,DocSno,numeric,5,0
RM_ContDiscntRate,SUPCD,varchar,8,0
RM_ContDiscntRate,Varcode,varchar,10,0
RM_ContDiscntRate,DType,varchar,4,0
RM_ContDiscntRate,DRate,numeric,5,1
RM_ContDiscntRate,Ipadd,varchar,16,1
RM_DelReason,Code,varchar,4,1
RM_DelReason,Description,varchar,50,1
RM_DELSCHED,CONTNO,varchar,10,0
RM_DELSCHED,CONTDATE,datetime,8,0
RM_DELSCHED,DELDATE,datetime,8,0
RM_DELSCHED,QTY,decimal,9,1
RM_DELSCHED,deladd,varchar,30,1
RM_DELSCHED,varcode,varchar,10,0
RM_DELSCHED,Instruction,varchar,40,1
RM_DELSCHED,Quotno,numeric,9,1
RM_DELSCHED,quotdt,datetime,8,1
RM_DELSCHED,ArrivalType,char,1,1
RM_DELSCHED,Divcode,varchar,2,0
RM_PARAM,FAINSTAL,char,1,1
RM_PARAM,LICENSENO,varchar,20,1
RM_PARAM,BANKNAME,varchar,30,1
RM_PARAM,CEXCNO,varchar,20,1
RM_PARAM,SICANO,varchar,20,1
RM_PARAM,LOANMARGIN,decimal,5,1
RM_PARAM,FATFR,char,1,1
RM_PARAM,SCONTNO,decimal,5,1
RM_PARAM,SARRNO,decimal,5,1
RM_PARAM,SMIXNO,decimal,5,1
RM_PARAM,duty_code,varchar,2,1
RM_PARAM,tarewt,decimal,5,1
RM_PARAM,tmsno,decimal,9,1
RM_PARAM,QtyMargin,numeric,5,1
RM_PARAM,WeighingDB,varchar,150,1
RM_PARAM,TDSLR,decimal,5,1
RM_PARAM,BarCodeDB,varchar,150,1
RM_PARAM,addtaxrequired,varchar,1,1
RM_PARAM,divcode,varchar,2,1
RM_PARAM,tcs_flg,varchar,2,1
RM_PARAM,vatflg,varchar,10,1
RM_PARAM,cess_flg,varchar,10,1
RM_PARAM,RATEVATFLG,varchar,2,1
RM_PARAM,Lot_GenNo_Default,int,4,1
RM_PARAM,LastNo_Local,decimal,5,1
RM_PARAM,LastNo_InterState,decimal,5,1
RM_PARAM,LastNo_import,decimal,5,1
RM_PARAM,LastNo_Default,decimal,5,1
RM_PARAM,ISSUE_DEF,char,1,1
RM_PARAM,lot_genno_jw,varchar,2,1
RM_PARAM,GMSINSTALL,char,1,1
RM_PARAM,commtax,varchar,1,1
RM_PARAM,HandlingChargeFlg,varchar,1,1
RM_PARAM,ActualIssueKgs,varchar,1,1
RM_PARAM,OthersGL,varchar,7,1
RM_PARAM,CessCalCulateTax,varchar,1,1
RM_PARAM,SuppLotNoReqArrival,varchar,1,1
RM_PARAM,issflg,varchar,10,1
RM_PARAM,CentralizedOrder,varchar,1,1
RM_PARAM,suppassesquality,numeric,5,1
RM_PARAM,suppassesdelivery,numeric,5,1
RM_PARAM,CommInBillValue,varchar,1,1
RM_PARAM,VarietyCtrlIssue,varchar,1,1
RM_PARAM,VarietyReqIssue,varchar,1,1
RM_PARAM,LotRate,varchar,1,1
RM_PARAM,SoftWastePer,numeric,5,1
RM_PARAM,WasteIssueType,varchar,1,1
RM_PARAM,SeasonCalcReq,varchar,1,1
RM_PARAM,AssessValueFlg,varchar,1,0
RM_PARAM,ClearInBillFlg,varchar,1,1
RM_PARAM,InsApprovalFlg,varchar,1,0
RM_PARAM,InsCalAssvalflg,varchar,1,0
RM_PARAM,FAPOSTINGFLG,varchar,1,0
RM_PARAM,spindle1,varchar,5,1
RM_PARAM,spindle2,varchar,5,1
RM_PARAM,spindle3,varchar,5,1
RM_PARAM,spindle4,varchar,5,1
RM_PARAM,TransferTC,numeric,5,1
RM_PARAM,TransferINGL,varchar,7,1
RM_PARAM,TransferOUTGL,varchar,7,1
RM_PARAM,QParamMod,char,1,1
RM_PARAM,micrange,varchar,10,1
RM_PARAM,CarrierGL,varchar,8,1
RM_PARAM,StkDRGL,varchar,8,1
RM_PARAM,StkCRGL,varchar,8,1
RM_PARAM,LotNoGen,char,1,0
RM_PARAM,PRBased,varchar,1,1
RM_PARAM,iqa,varchar,1,1
RM_PARAM,Manual_IndNo,varchar,1,1
RM_PARAM,Transflg,varchar,5,1
RM_PARAM,OpenKeyflg,varchar,5,1
RM_PARAM,TrnWG,varchar,1,1
RM_PARAM,cbpersec,numeric,9,1
RM_PARAM,cport,numeric,9,1
RM_PARAM,portselection,varchar,2,1
RM_PARAM,actissue,char,1,1
RM_PARAM,actualissue,char,1,1
RM_PARAM,lotbaleentry,char,1,1
RM_PARAM,Arrivaltransfardocno,varchar,2,1
RM_PARAM,RLANDCOST_ROFF,numeric,5,1
RM_PARAM,RASSVAL_ROFF,numeric,5,1
RM_PARAM,RBED_ROFF,numeric,5,1
RM_PARAM,RAED_ROFF,numeric,5,1
RM_PARAM,REDCESS_ROFF,numeric,5,1
RM_PARAM,RHSCESS_ROFF,numeric,5,1
RM_PARAM,RCESS_ROFF,numeric,5,1
RM_PARAM,RTAX_ROFF,numeric,5,1
RM_PARAM,RADDTAX_ROFF,numeric,5,1
RM_PARAM,RSURCHARGE_ROFF,numeric,5,1
RM_PARAM,PO_Approval,char,1,1
RM_PARAM,POWtTolerance,numeric,5,1
RM_PARAM,RCGST_ROFF,numeric,5,1
RM_PARAM,RSGST_ROFF,numeric,5,1
RM_PARAM,RIGST_ROFF,numeric,5,1
RM_PARAM,Weightflg,varchar,3,1
RM_PARAM,FTAmt,numeric,5,1
RM_PARAM,wasteissType,varchar,4,1
RM_PARAM,issretprpflg,varchar,1,1
RM_PARAM,arrivalorder,varchar,5,1
RM_PARAM,poimportdivision,varchar,10,1
RM_PARAM,WSPort,numeric,5,1
RM_PARAM,WSIPADD,varchar,20,1
RM_PARAM,WeightIPFlg,varchar,5,1
RM_PARAM,purbillapproval,varchar,10,1
RM_PARAM,Cesswithtax,varchar,20,1
RM_PARAM,cottoninv_type,varchar,20,1
RM_PARAM,FrieghtCalCulateTax,varchar,2,1
RM_PARAM,SURCalCulateTax,varchar,2,1
RM_PARAM,insCalCulateTax,varchar,2,1
RM_PARAM,RID_Roff,numeric,5,1
RM_PARAM,RSW_Roff,numeric,5,1
RM_PARAM,BValInLotFlg,varchar,1,1
RM_PARAM,MasterEntryFlg,char,1,1
RM_PARAM,MSRateTole,numeric,5,1
RM_PARAM,Arrdespatch_Flg,varchar,1,1
RM_PARAM,AmdafterGRN,int,4,1
RM_PARAM,RAntiDump_ROFF,numeric,5,1
RM_PARAM,RInsurance_ROFF,numeric,5,1
RM_PARAM,INTERDIVGST,varchar,4,1
RM_PARAM,cess_tcs,varchar,1,1
RM_PARAM,pack_tcs,varchar,1,1
RM_PARAM,TCSPer,numeric,5,1
RM_PARAM,FDisc_ROFF,numeric,5,1
RM_PARAM,INVTCS_GrossAmt,numeric,9,1
RM_PARAM,INVTCSPER_WOPan,numeric,5,1
RM_PARAM,InvTCSPER_WPan,numeric,5,1
RM_PARAM,RInvTCS_Roff,numeric,5,1
RM_PARAM,tcstax,varchar,1,1
RM_PARAM,RTCS_roff,int,4,1
RM_PARAM,FREIGHTGLCODE,varchar,7,1
RM_PARAM,TCSINLANDCOSTflg,varchar,1,1
RM_PARAM,TDS_GrossAmt,decimal,9,1
RM_PARAM,TDSPER_WPan,decimal,5,1
RM_PARAM,TDSPER_WOPan,decimal,5,1
RM_PARAM,TDSCalcTotPur,tinyint,1,1
RM_PARAM,TDS_TYPE,char,2,1
RM_PARAM,Rate_ROff,tinyint,1,1
RM_PARAM,DutyInsurance_GST,tinyint,1,1
RM_PARAM,StkTransferAccess,char,1,1
RM_PARAM,AccessPath,varchar,50,1
RM_PARAM,Tds_Rndnextrs,tinyint,1,1
RM_PARAM,TDSFull,varchar,3,1
RM_PARAM,TDSExceed,varchar,3,1
RM_PARAM,TDSCalcFlag,char,1,1
RM_PARAM,RInvASSVAL_ROFF,tinyint,1,1
RM_PARAM,EInvoicePath,varchar,50,1
RM_PARAM,issuemodifyid,varchar,150,1
RM_PARAM,OutpassFromInvoice,char,2,1
rm_pmode,paymode,char,2,0
rm_pmode,paydesc,varchar,25,0
RM_PRH,divcode,varchar,2,0
RM_PRH,prno,numeric,5,0
RM_PRH,prdate,datetime,8,0
RM_PRH,refno,varchar,20,1
RM_PRH,itype,varchar,1,1
RM_PRH,REQNAME,varchar,25,1
RM_PRH,userId,varchar,25,1
RM_PRH,APPFLG,varchar,1,1
RM_PRH,appdate,datetime,8,1
RM_PRH,appUSRID,varchar,50,1
RM_PRH,PREntryDate,datetime,8,1
RM_PRH,FL_Flag,varchar,1,1
RM_PRH,FL_userID,varchar,8,1
RM_PRH,FL_Date,datetime,8,1
RM_PRH,FL_IPadd,varchar,15,1
RM_PRL,divcode,varchar,2,0
RM_PRL,prno,numeric,5,0
RM_PRL,prdate,datetime,8,0
RM_PRL,prsno,numeric,5,0
RM_PRL,varcode,varchar,10,1
RM_PRL,qtyind,numeric,9,1
RM_PRL,qtyindKG,numeric,9,1
RM_PRL,qtyreqd,numeric,9,1
RM_PRL,qtyreqdKG,numeric,9,1
RM_PRL,qtyord,numeric,9,1
RM_PRL,qtyordKG,numeric,9,1
RM_PRL,qtyrec,numeric,9,1
RM_PRL,qtyrecKG,numeric,9,1
RM_PRL,reqddate,datetime,8,1
RM_PRL,prstatus,char,1,1
RM_PRL,remarks,varchar,50,1
RM_PRL,pend_flag,char,1,1
RM_PRL,REMARK1,varchar,25,1
RM_PRL,RATE,numeric,9,1
RM_PRL,VALUE,numeric,9,1
RM_PRL,curstock,decimal,9,1
RM_PRL,Packtype,varchar,10,1
RM_PRL,curbale,numeric,9,1
RM_RATEUNIT,UNITCODE,varchar,3,0
RM_RATEUNIT,UNITNAME,varchar,20,1
RM_RATEUNIT,VALUE,numeric,9,1
RM_Trans_Log,Divcode,varchar,2,1
RM_Trans_Log,moduleNo,int,4,1
RM_Trans_Log,Trans_Name,varchar,30,1
RM_Trans_Log,Trans_Mod,varchar,5,1
RM_Trans_Log,Trans_Host,varchar,30,1
RM_Trans_Log,Trans_IPADD,varchar,18,1
RM_Trans_Log,Trans_UserId,varchar,12,1
RM_Trans_Log,Trans_date,datetime,8,1
RM_Trans_Log,TC,numeric,5,1
RM_Trans_Log,Docno,numeric,9,1
RM_Trans_Log,Docdt,datetime,8,1
RM_Trans_Log,ContNo,numeric,9,1
RM_Trans_Log,Contdt,datetime,8,1
RM_Trans_Log,PRNO,numeric,5,1
RM_Trans_Log,PRDt,datetime,8,1
RM_Trans_Log,Slcode,varchar,8,1
RM_Trans_Log,Agent_code,varchar,8,1
RM_Trans_Log,Arrno,numeric,5,1
RM_Trans_Log,Arrdt,datetime,8,1
RM_Trans_Log,Lotno,numeric,5,1
RM_Trans_Log,Lotdt,datetime,8,1
RM_Trans_Log,AreaCode,varchar,8,1
RM_Trans_Log,Dlytype,varchar,2,1
RM_Trans_Log,IM_IND,varchar,2,1
RM_Trans_Log,CARCODE,varchar,12,1
RM_Trans_Log,ArrivalType,varchar,2,1
RM_Trans_Log,CreditDays,int,4,1
RM_Trans_Log,TradeDisPer,numeric,5,1
RM_Trans_Log,CashDisPer,numeric,5,1
RM_Trans_Log,InsPer,numeric,5,1
RM_Trans_Log,Paycode,varchar,4,1
RM_Trans_Log,PayMode,varchar,4,1
RM_Trans_Log,PurType,varchar,4,1
RM_Trans_Log,Plcode,varchar,5,1
RM_Trans_Log,Line_No,varchar,20,1
RM_Trans_Log,LorryNo,varchar,50,1
RM_Trans_Log,LR_INDate,datetime,8,1
RM_Trans_Log,LR_OutDate,datetime,8,1
RM_Trans_Log,Godown,varchar,6,1
RM_Trans_Log,RateUnit,varchar,10,1
RM_Trans_Log,POTYPE,varchar,2,1
RM_Trans_Log,BOENO,varchar,20,1
RM_Trans_Log,BOE_DT,datetime,8,1
RM_Trans_Log,IRNo,numeric,5,1
RM_Trans_Log,IRDate,datetime,8,1
RM_Trans_Log,IRSNo,numeric,5,1
RM_Trans_Log,CATCD,varchar,3,1
RM_Trans_Log,CNTCODE,varchar,14,1
RM_Trans_Log,Varcode,varchar,10,1
RM_Trans_Log,BBFlg,varchar,2,1
RM_Trans_Log,ordqty,numeric,9,1
RM_Trans_Log,ordkgs,numeric,9,1
RM_Trans_Log,WeightFlg,varchar,1,1
RM_Trans_Log,netwt,numeric,9,1
RM_Trans_Log,Grosswt,numeric,9,1
RM_Trans_Log,Tarewt,numeric,9,1
RM_Trans_Log,Pnetwt,numeric,9,1
RM_Trans_Log,PGrosswt,numeric,9,1
RM_Trans_Log,PTarewt,numeric,9,1
RM_Trans_Log,Comm_wt,numeric,9,1
RM_Trans_Log,RateCY,numeric,9,1
RM_Trans_Log,RateKg,numeric,9,1
RM_Trans_Log,currency,varchar,5,1
RM_Trans_Log,conv_Rate,numeric,5,1
RM_Trans_Log,AssAmount,numeric,9,1
RM_Trans_Log,Frg_Amt,numeric,9,1
RM_Trans_Log,ins_Amt,numeric,9,1
RM_Trans_Log,Oth_Amt,numeric,9,1
RM_Trans_Log,IDPer,numeric,5,1
RM_Trans_Log,IDAMT,numeric,5,1
RM_Trans_Log,SWPer,numeric,5,1
RM_Trans_Log,SWAMT,numeric,5,1
RM_Trans_Log,Adv_AMT,numeric,13,1
RM_Trans_Log,HSN,varchar,9,1
RM_Trans_Log,TaxCode,varchar,9,1
RM_Trans_Log,Cgstper,numeric,5,1
RM_Trans_Log,Cgstamt,numeric,9,1
RM_Trans_Log,Sgstper,numeric,5,1
RM_Trans_Log,Sgstamt,numeric,9,1
RM_Trans_Log,Igstper,numeric,5,1
RM_Trans_Log,Igstamt,numeric,9,1
RM_Trans_Log,LandingCost,numeric,9,1
RM_Trans_Log,LandcostWithTax,numeric,9,1
RM_Trans_Log,ReqName,varchar,10,1
RM_Trans_Log,sno,numeric,5,1
RM_Trans_Log,BILLNO,varchar,25,1
RM_Trans_Log,BILLDATE,datetime,8,1
RM_Trans_Log,IssType,varchar,4,1
RM_Trans_Log,mixgrp,varchar,10,1
RM_Trans_Log,packno,varchar,12,1
RM_Trans_Log,dutyValue,numeric,9,1
RM_Trans_Log,dutyWt,numeric,9,1
RM_Trans_Log,MRNValue,numeric,9,1
RM_Trans_Log,BILLValue,numeric,9,1
RM_Trans_Log,DBCR,numeric,9,1
RM_Trans_Log,DelReason,varchar,4,1
RM_VAR,VARCODE,varchar,10,0
RM_VAR,VARNAME,varchar,35,1
RM_VAR,CATCD,char,1,0
RM_VAR,IMPORTED,char,1,0
RM_VAR,MccFlg,varchar,1,1
RM_VAR,StdTrash,numeric,9,1
RM_VAR,MatType,char,1,1
RM_VAR,ya_rea_con,char,1,1
RM_VAR,taxcode,varchar,8,1
RM_VAR,HSN,varchar,8,1
RM_VAR,cgstper,numeric,5,1
RM_VAR,sgstper,numeric,5,1
RM_VAR,igstper,numeric,9,1
RM_VAR,Drawno,varchar,10,1
RM_VAR,Oldvarcode,varchar,10,1
RM_VAR,vartype,varchar,15,1
RM_VAR,SHADENO,varchar,15,1
RM_VAR,DENIER,varchar,15,1
RM_VAR,LENGTH,varchar,15,1
RM_VAR,Cattype,char,1,1
RM_VAR,AccVarcode,varchar,10,1
RM_VAR,GVarcode,varchar,10,1
RM_VAR,Is_Active,char,1,1
RM_VAR,IsOrganic,char,1,1
